Ref,Value,Layer,Package,Manufacturer,MPN,LCSC,Status,Price_ea_USD
ANT1,2.4GHz,F.Cu,1608,Yageo,ANT1608F2450A00A,C5353780,Active,0.28
BAT1,LiPo_100mAh,F.Cu,Through-hole,JST,S2B-PH-K-S(LF)(SN),C173752,Active,0.06
C1,100nF,B.Cu,0402,Samsung,CL05B104KO5NNNC,C1525,Active,0.01
C2,10uF,B.Cu,0402,Samsung,CL05A106MQ5NUNC,C15850,Active,0.03
C3,100nF,B.Cu,0402,Samsung,CL05B104KO5NNNC,C1525,Active,0.01
C4,1uF,B.Cu,0402,Samsung,CL05A105KO5NNNC,C52923,Active,0.01
C5,1uF,B.Cu,0402,Samsung,CL05A105KO5NNNC,C52923,Active,0.01
C8,100nF,B.Cu,0402,Samsung,CL05B104KO5NNNC,C1525,Active,0.01
C9,100nF,F.Cu,0402,Samsung,CL05B104KO5NNNC,C1525,Active,0.01
D1,WS2812B-2020,F.Cu,2020,Worldsemi,WS2812B-2020,C965555,Active,0.05
J1,USB-C,F.Cu,SMD,Hroparts,TYPE-C-31-M-12,C165948,Active,0.12
R2,5.1K,B.Cu,0402,UNI-ROYAL,0402WGF5101TCE,C25905,Active,0.01
R3,5.1K,B.Cu,0402,UNI-ROYAL,0402WGF5101TCE,C25905,Active,0.01
R4,20K,B.Cu,0402,UNI-ROYAL,0402WGF2002TCE,C25905,Active,0.01
R5,10K,B.Cu,0402,UNI-ROYAL,0402WGF1002TCE,C25905,Active,0.01
R6,10K,B.Cu,0402,UNI-ROYAL,0402WGF1002TCE,C25905,Active,0.01
SW1,BTN,F.Cu,SMD,XUNPU,TS-1187A-B-A-B,C318884,Active,0.05
U1,ESP32-C3FH4,F.Cu,QFN-32,Espressif,ESP32-C3FH4,C2913202,Active,1.30
U2,QMI8658A,B.Cu,LGA-14,QST,QMI8658A,C5940888,Active,0.70
U3,TP4054,B.Cu,SOT-23-5,UMW,TP4054-42-SOT23-5,C382139,Active,0.08

# BOM cost per board: $2.78 USD
# PCB fab (JLCPCB 5pcs): ~$3.00 USD
# Total per board: ~$5.78 USD

# CHANGES FROM PREVIOUS BOM:
# U1: ESP32-C3FN4 (OBSOLETE) -> ESP32-C3FH4 (active, same pinout, -$0.20)
# U2: QMI8658C (OUT OF STOCK) -> QMI8658A (in stock, same footprint, -$0.25)
# U3: TP4054 price reduced via UMW generic source (-$0.04)
# SW1: C&K PTS525 -> XUNPU TS-1187A (same footprint, -$0.05)
# ANT1: price reduction via direct LCSC source (-$0.07)
